id,city_left,city_right,name_left,name_right
1,chennai,Channai,kevin,Kuang
2,montreal,Montreal,David,Davis
3,Toronto,Greater Toronto,Sherin,Sherlyn